{"cameraMode":{"drawMode":0,"name":"Shaded","section":"Shading Mode"},"sceneLighting":true,"audioPlay":false,"sceneViewState":{"showFog":true,"showMaterialUpdate":false,"showSkybox":true,"showFlares":true,"showImageEffects":true,"showParticleSystems":true},"in2DMode":false,"pivot":{"x":3.3361260890960695,"y":2.786479949951172,"z":-0.8505148887634277},"rotation":{"x":-0.025677386671304704,"y":-0.09970293194055557,"z":0.0025749444030225279,"w":-0.9946902990341187},"size":8.456838607788086,"orthographic":false}